Name,Price,Rating,Brand,Rim Diameter
Hankook DynaPro ATM RF10 Off-Road Tire - 265/70R17 113T,$114.97 ,4.4 out of 5 stars,Hankook,17 inches
Westlake RP18 Touring Radial Tire - 215/60R16 95H,$59.20 ,4.4 out of 5 stars,Westlake,16 inches
Hankook Optimo H724 All-Season Tire - 185/65R15 86T,$52.44 ,4.9 out of 5 stars,Hankook,15 inches
Sumic GT-A All-Season Radial Tire - 225/60R16 98H,$56.36 ,4.5 out of 5 stars,SUMIC,16 inches
Falken Wildpeak AT3W All Terrain Radial Tire - 265/70R17 115T,$139.00 ,4.9 out of 5 stars,Falken,17 inches
Lexani LX-TWENTY Performance Radial Tire - 245/35r20 95W,$70.97 ,5.0 out of 5 stars,Lexani,20 inches
Falken Wildpeak AT3W All Terrain Radial Tire - 235/75R15 109T,$98.62 ,5.0 out of 5 stars,Falken,15 inches
Trailer King ST Radial Trailer Tire - 205/75R15 107L,$58.61 ,4.3 out of 5 stars,TRAILER KING,15 inches
Cooper Starfire RS-C 2.0 All-Season Radial Tire - 215/60R16 95V,$66.99 ,4.7 out of 5 stars,Starfire,16 inches
Lexani LX-TWENTY Performance Radial Tire - 265/40r22 106W,$120.86 ,5.0 out of 5 stars,Lexani,22 inches
Kumho Solus TA31 Touring Radial Tire - 205/65R16 95H,$70.36 ,3.8 out of 5 stars,Kumho,16 inches
Hankook Optimo H727 All-Season Tire - 185/60R15 84T,$63.97 ,4.8 out of 5 stars,Hankook,15 inches
Falken Wildpeak AT3W All Terrain Radial Tire - 31x10.5R15 109S,$137.23 ,5.0 out of 5 stars,Falken,18 inches
Pirelli SCORPION VERDE Season Plus Touring Radial Tire - 235/55R18 104V,$151.00 ,4.8 out of 5 stars,Pirelli,18 inches
Doral SDL-A All-Season Radial Tire - 185/60R15 84T,$41.64 ,4.9 out of 5 stars,Doral,15 inches
Hankook Optimo H724 All-Season Tire - 185/70R14 87T,$43.97 ,4.6 out of 5 stars,Hankook,14 inches
GT Radial CHAMPIRO VP1 All-Season Radial Tire - 175/65R14 82T,$36.68 ,3.3 out of 5 stars,GT Radial,14 inches
General Grabber AT2 Radial Tire - 30/950R15 104S,$123.00 ,5.0 out of 5 stars,General Tire,15 inches
General Altimax RT43 Radial Tire - 205/55R16 91H,$85.97 ,4.7 out of 5 stars,General Tire,16 inches
Mastercraft Courser AXT Radial Tire - 265/75R16 116T,$121.97 ,4.1 out of 5 stars,Mastercraft,16 inches
Kumho Road Venture AT51 All-Season Radial Tire - LT245/75R16/10 120R,$135.13 ,5.0 out of 5 stars,Kumho,16 inches
Grenlander L-FINDER 78 All-Season Radial Tire - P235/65R17 103T,$72.92 ,4.1 out of 5 stars,Grenlander,17 inches
Falken Wildpeak AT3W All Terrain Radial Tire - 275/55R20 117T,$161.95 ,5.0 out of 5 stars,Falken,20 inches
Nankang CX668 Radial Tire - 165/70R12 77T,$41.03 ,4.7 out of 5 stars,Nankang,12 inches
Westlake RP18 Touring Radial Tire - 175/65R14 82H,$33.70 ,4.3 out of 5 stars,Westlake,14 inches
Hankook Optimo H724 All-Season Tire - 215/60R16 94T,$84.92 ,4.8 out of 5 stars,Hankook,16 inches
Toyo Open Country A/T II Radial Tire - 265/70R17 113S,$153.73 ,4.0 out of 5 stars,Toyo Tires,17 inches
Hankook Optimo H727 All-Season Tire - 215/60R16 94T,$79.70 ,4.4 out of 5 stars,Hankook,17 inches
Nitto Terra Grappler G2 Traction Radial Tire - 285/70R17 116T,$180.00 ,4.8 out of 5 stars,Nitto,17 inches
Cooper Discoverer A/T3 Traction Radial Tire - 265/75R16 116T,$132.97 ,4.5 out of 5 stars,Cooper Tire,16 inches
ST 175/80R13 Freestar M-108 6 Ply C Load Radial Trailer Tire 1758013,$33.55 ,4.5 out of 5 stars,Freestar,13 inches
Goodyear Eagle RS-A Radial Tire - 245/45R18 96VR,$119.34 ,4.7 out of 5 stars,Goodyear,18 inches
Goodyear Eagle RS-A Radial Tire - 255/60R19 108H,$159.97 ,4.2 out of 5 stars,Goodyear,17 inches
Michelin Latitude Tour All-Season Radial Tire - P225/65R17 100T,$140.98 ,4.2 out of 5 stars,MICHELIN,17 inches
Nankang SP-9 Cross-Sport All-Season Radial Tire - 205/60R14 88H,$53.32 ,3.9 out of 5 stars,Nankang,14 inches
Sumic GT-A All-Season Radial Tire - 175/70R13 82S,$42.59 ,5.0 out of 5 stars,SUMIC,13 inches
Cooper Starfire SF-510 All-Season Radial Tire - 31/10.50R15 109R,$107.97 ,3.9 out of 5 stars,Starfire,15 inches
Falken Wildpeak AT3W All Terrain Radial Tire - 33x12.5R15 108R,$158.42 ,4.8 out of 5 stars,Falken,15 inches
Cooper Adventurer A/T 90000019939 Tire - 265/70R17,$116.60 ,4.6 out of 5 stars,Cooper Tire,13 inches
Sumic GT-A All-Season Radial Tire - 215/60R16 95H,$56.93 ,3.3 out of 5 stars,SUMIC,16 inches
BFGoodrich All-Terrain T/A KO2 Radial Tire - 275/70R17 121R,$219.97 ,4.7 out of 5 stars,BFGoodrich,17 inches
Doral SDL-A All-Season Radial Tire - 215/65R17 99T,$69.98 ,4.8 out of 5 stars,Doral,17 inches
Firestone FR710 Radial Tire - 225/65R16 100T,$87.90 ,5.0 out of 5 stars,Firestone,16 inches
Fuzion Touring All-Season Radial Tire - 225/60R17 99H,$79.00 ,3.8 out of 5 stars,Fuzion,17 inches
Mastercraft SRT Touring Touring Radial Tire -225/65R16 100T,$79.75 ,4.7 out of 5 stars,Mastercraft,16 inches
Doral SDL-A All-Season Radial Tire - 195/55R15 85V,$48.97 ,5.0 out of 5 stars,Doral,15 inches
Achilles 122 All-Season Radial Tire - 155/70R13 75T,$50.00 ,3.7 out of 5 stars,Achilles,14 inches
Firestone Winterforce Winter Radial Tire - 195/70R14 91S,$61.80 ,4.8 out of 5 stars,Firestone,16 inches
Yokohama Geolandar A/T G015 All-Terrain Radial Tire - 265/75R16 114T,$134.23 ,4.6 out of 5 stars,Yokohama,16 inches
Cooper Weather-Master S/T 2 Winter Radial Tire - 225/65R17 102T,$118.14 ,5.0 out of 5 stars,Cooper Tire,17 inches
Carlisle Radial Trail HD Trailer Tire - 205/75R14 100M,$50.00 ,4.0 out of 5 stars,Carlisle,14 inches
Hankook Optimo H724 Radial Tire - 175/70R14 84T,$46.97 ,4.5 out of 5 stars,Hankook,14 inches
Yokohama GEOLANDAR AT G015 All-Terrain Radial Tire - P265/70R17 113T,$142.13 ,5.0 out of 5 stars,Yokohama,17 inches
Milestar MS775 All-Season Radial Tire - P155/80R13,$30.81 ,3.7 out of 5 stars,Milestar,13 inches
Achilles ATR Sport 2 Performance Radial Tire - 225/45R18 95W,$99.34 ,5.0 out of 5 stars,Achilles,18 inches
Hankook Ventus V2 concept 2 All-Season Radial Tire - 205/45R17 V,$69.00 ,5.0 out of 5 stars,Hankook,17 inches
GT Radial KOMODO M/T Plus All-Terrain Radial Tire - 31X10.50R15LT 109Q,$132.90 ,4.2 out of 5 stars,GT Radial,15 inches
Cooper Discoverer H/T Plus All-Season Tire - 275/55R20 117T,$137.43 ,4.9 out of 5 stars,Cooper Tire,20 inches
Continental PureContact Radial Tire - 235/55R18 100V,$156.00 ,5.0 out of 5 stars,Continental,18 inches
